imdb_id,title,rating,year,runtime,top250,top250tv,title_date
,Pokémon Horizons: The Series,,2024,0,0,0,2024-03-07
tt2910814,The Signal,6,2024,0,0,0,2024-03-07
tt8367814,The Gentlemen,7.8,2024,0,0,0,2024-03-07
,ARA San Juan: The Submarine that Disappeared,,2024,0,0,0,2024-03-07
tt28867594,Kultus Iblis,0,2024,5903,0,0,2024-03-07
tt27727621,Early Birds,0,2024,5832,0,0,2024-03-07
tt2114470,Supersex,0,2024,0,0,0,2024-03-06
,"The Program: Cons, Cults and Kidnapping",,2024,0,0,0,2024-03-05
tt8465676,Hannah Gadsby&#39;s Gender Agenda,8.1,2024,4514,0,0,2024-03-05
,Hot Wheels Let&#39;s Race,,2024,0,0,0,2024-03-04
tt30413143,The Netflix Slam,0,2024,9660,0,0,2024-03-04
tt6791238,Totem,4.5,2024,5707,0,0,2024-03-01
tt2262518,Spaceman,5.3,2024,6533,0,0,2024-03-01
tt26672512,My Name Is Loh Kiwan,0,2024,7987,0,0,2024-03-01
,Maamla Legal Hai,,2024,0,0,0,2024-03-01
tt25260664,Furies,5.8,2024,0,0,0,2024-03-01
,Aníkúlápó: Rise of the Spectre,,2024,0,0,0,2024-03-01
,Money No Enough: The Dawn of Singapore Cinema,,2024,1927,0,0,2024-03-01
,The Indrani Mukerjea Story: Buried Truth,,2024,0,0,0,2024-02-29
,The Parades,,2024,7965,0,0,2024-02-29
,A Round of Applause,,2024,0,0,0,2024-02-29
,Battle of the Baddest,,2024,3663,0,0,2024-02-29
tt14764464,Code 8 Part II,0,2024,6027,0,0,2024-02-28
,American Conspiracy: The Octopus Murders,,2024,0,0,0,2024-02-28
tt15523010,Chappelle&#39;s Home Team - Donnell Rawlings: A New Day,7.9,2024,2412,0,0,2024-02-27
tt27785016,The 30th Annual Screen Actors Guild Awards,0,2024,10800,0,0,2024-02-25
,Through My Window 3: Looking at You,,2024,6311,0,0,2024-02-23
tt3112654,Mea Culpa,6.1,2024,7222,0,0,2024-02-23
,Bad Exorcist: Valentine&#39;s Day,,2024,744,0,0,2024-02-23
tt0417299,Avatar The Last Airbender,9.3,2024,0,0,0,2024-02-22
tt28183145,Amidst a Snowstorm of Love,0,2024,0,0,0,2024-02-21
,Can I Tell You A Secret?,,2024,0,0,0,2024-02-21
,Risqué Business: The Netherlands and Germany,,2024,0,0,0,2024-02-20
tt30222855,Mike Epps: Ready to Sell Out,0,2024,3671,0,0,2024-02-20
tt5212930,To Be Continued,6.2,2024,0,0,0,2024-02-20
tt28020043,Rhythm + Flow Italy,0,2024,0,0,0,2024-02-19
,Moo No Plan,,2024,0,0,0,2024-02-17
tt28756876,Einstein and the Bomb,0,2024,4617,0,0,2024-02-16
tt21986278,Comedy Chaos,0,2024,0,0,0,2024-02-16
tt4125220,Isla bonita,6.1,2024,5539,0,0,2024-02-16
tt10848780,The Vince Staples Show,0,2024,0,0,0,2024-02-15
tt30842486,"Ready, Set, Love",0,2024,0,0,0,2024-02-15
tt22012992,House of Ninjas,0,2024,0,0,0,2024-02-15
tt28288477,The Heartbreak Agency,0,2024,5780,0,0,2024-02-14
tt1784589,Players,4.3,2024,6303,0,0,2024-02-14
tt28943323,A Soweto Love Story,0,2024,6130,0,0,2024-02-14
,The Sidemen Story,,2024,5977,0,0,2024-02-14
tt30796334,Taylor Tomlinson: Have It All,0,2024,3993,0,0,2024-02-13
tt9749604,Kill Me If You Dare,4.4,2024,5654,0,0,2024-02-13
,Guntur Kaaram (Kannada),,2024,9370,0,0,2024-02-10
,Guntur Kaaram (Malayalam),,2024,9370,0,0,2024-02-09
tt30852970,"Lover, Stalker, Killer",0,2024,5443,0,0,2024-02-09
tt27936770,Bhakshak,0,2024,8098,0,0,2024-02-09
tt1866919,Ashes,5.5,2024,6042,0,0,2024-02-09
tt28642796,A Killer Paradox,0,2024,0,0,0,2024-02-09
,Guntur Kaaram (Hindi),,2024,9370,0,0,2024-02-09
,Jjajangmyeon Rhapsody,,2024,0,0,0,2024-02-09
,Guntur Kaaram (Tamil),,2024,9370,0,0,2024-02-09
tt14564000,Guntur Kaaram,8.1,2024,9370,0,0,2024-02-09
tt1563738,One Day,7,2024,0,0,0,2024-02-08
,Raël: The Alien Prophet,,2024,0,0,0,2024-02-07
,Luz: The Light of the Heart,,2024,0,0,0,2024-02-07
tt1123373,Dee & Friends in Oz,6.6,2024,0,0,0,2024-02-05
tt28066777,Orion and the Dark,0,2024,5566,0,0,2024-02-02
tt7097896,Let&#39;s Talk About CHU,5.9,2024,0,0,0,2024-02-02
tt1243957,The Tourist,6,2024,0,0,0,2024-02-01
tt1636844,WILL,6.8,2024,6858,0,0,2024-01-31
tt27997713,Baby Bandito,0,2024,0,0,0,2024-01-31
tt27494999,Alexander: The Making of a God,0,2024,0,0,0,2024-01-31
,Detectives: The Trade Secret,,2024,0,0,0,2024-01-30
tt28712944,NASCAR: Full Speed,0,2024,0,0,0,2024-01-30
tt30460532,Jack Whitehall: Settle Down,0,2024,3912,0,0,2024-01-30
tt30796448,The Greatest Night in Pop,0,2024,5848,0,0,2024-01-29
,Mighty Bheem&#39;s Playtime,,2024,0,0,0,2024-01-29
tt27135274,Doctor Slump,0,2024,0,0,0,2024-01-28
,Extremely Inappropriate!,,2024,0,0,0,2024-01-27
,Sit Down with Stand Up Udom Taephanich,,2024,7470,0,0,2024-01-26
tt29722855,Badland Hunters,0,2024,6525,0,0,2024-01-26
,Dinner Time Live With David Chang,,2024,0,0,0,2024-01-26
tt27052533,Masters of the Universe: Revolution,0,2024,0,0,0,2024-01-25
tt15837600,Griselda,0,2024,0,0,0,2024-01-25
tt27881699,Bogeyman,0,2024,6107,0,0,2024-01-25
tt4939064,Mars,7.4,2024,0,0,0,2024-01-24
tt7462588,Eye Love You,0,2024,0,0,0,2024-01-24
,Society of the Snow: Who Were We on the Mountain?,,2024,2182,0,0,2024-01-24
tt26218826,Six Nations: Full Contact,0,2024,0,0,0,2024-01-24
,Love Deadline,,2024,0,0,0,2024-01-23
,Jacqueline Novak: Get on Your Knees,,2024,5659,0,0,2024-01-23
,Monsters 103 Mercies Dragon Damnation,,2024,1543,0,0,2024-01-22
,Captivating the King,,2024,0,0,0,2024-01-22
tt9755294,Soon Comes Night,0,2024,0,0,0,2024-01-20
tt28225048,The Bequeathed,0,2024,0,0,0,2024-01-19
tt0437749,Sixty Minutes,0,2024,5395,0,0,2024-01-19
,Caged Wings,,2024,6150,0,0,2024-01-19
tt0331136,Inside the NFL,7.1,2024,0,0,0,2024-01-18
,Rachid Badouri: Les fleurs du tapis,,2024,5995,0,0,2024-01-18
,Kübra,,2024,0,0,0,2024-01-18
tt6722142,From the Ashes,7,2024,5535,0,0,2024-01-18
tt0494224,End of the Line,5.8,2024,0,0,0,2024-01-17
tt0247164,American Nightmare,3.8,2024,0,0,0,2024-01-17
tt3042892,When Spring Comes,0,2024,0,0,0,2024-01-16
tt5804414,Ripe for the Picking,0,2024,0,0,0,2024-01-16
,Dusty Slay: Workin&#39; Man,,2024,4164,0,0,2024-01-16
,The Witch and the Beast,,2024,0,0,0,2024-01-15
tt28454318,Bucchigiri?!,0,2024,0,0,0,2024-01-15
tt14935892,maboroshi,0,2024,6718,0,0,2024-01-15
,Shaman King Flowers,,2024,0,0,0,2024-01-14
tt28685624,7th Time Loop: The Villainess Enjoys a Carefree Life Married to Her Worst Enemy!,0,2024,0,0,0,2024-01-13
,"Tis Time for ""Torture,"" Princess",,2024,0,0,0,2024-01-12
tt23735438,Love is Blind: Sweden,0,2024,0,0,0,2024-01-12
tt11948256,Lift,6.6,2024,6403,0,0,2024-01-12
tt15334488,After Everything,4.6,2024,5601,0,0,2024-01-11
,The Wrong Way to Use Healing Magic,,2024,0,0,0,2024-01-11
,Pon no Michi,,2024,0,0,0,2024-01-11
tt22297290,Killer Soup,0,2024,0,0,0,2024-01-11
tt19723558,Detective Forst,0,2024,0,0,0,2024-01-11
tt9124428,Champion,8.2,2024,0,0,0,2024-01-11
tt10399902,Boy Swallows Universe,0,2024,0,0,0,2024-01-11
,Sengoku Youko,,2024,0,0,0,2024-01-11
,A Sign of Affection,,2024,0,0,0,2024-01-10
tt3733774,The Trust,5.4,2024,0,0,0,2024-01-10
,Pete Davidson: Turbo Fonzarelli,,2024,3360,0,0,2024-01-09
,The Demon Prince of Momochi House,,2024,0,0,0,2024-01-08
tt21209876,Solo Leveling,0,2024,0,0,0,2024-01-07
,The Unwanted Undead Adventurer,,2024,0,0,0,2024-01-06
,The Secrets of the Married,,2024,0,0,0,2024-01-05
tt13820128,Good Grief,6.6,2024,6058,0,0,2024-01-05
tt21621494,Delicious in Dungeon,0,2024,0,0,0,2024-01-05
tt7284202,Trespassers,4.9,2024,5447,0,0,2024-01-04
tt17632862,The Brothers Sun,0,2024,0,0,0,2024-01-04
tt16277242,Society of the Snow,7.7,2024,8731,0,0,2024-01-04
tt1109574,Between Us,4.7,2024,6612,0,0,2024-01-04
tt0318224,Horizon,8.6,2024,3015,0,0,2024-01-04
tt0387514,Prime,6.2,2024,5629,0,0,2024-01-03
,You Are What You Eat: A Twin Experiment,,2024,0,0,0,2024-01-01
tt0978808,Fool Me Once,7.3,2024,0,0,0,2024-01-01
,Bitconned,,2024,5647,0,0,2024-01-01
tt21742340,The Influencer,5.5,2024,0,0,0,2023-12-13
tt27790130,The Big Nailed It Baking Challenge,0,2024,0,0,0,2023-08-04
